local authority,All Ages,0,1,2,3,4,5,6,7,8,9,10,11,12,13,14,15,16,17,18,19,20,21,22,23,24,25,26,27,28,29,30,31,32,33,34,35,36,37,38,39,40,41,42,43,44,45,46,47,48,49,50,51,52,53,54,55,56,57,58,59,60,61,62,63,64,65,66,67,68,69,70,71,72,73,74,75,76,77,78,79,80,81,82,83,84,85,86,87,88,89,90,Year,Gender
Derby,"259,877",3014,3021,3072,3084,3189,3287,3351,3427,3449,3532,3603,3506,3571,3522,3613,3455,3244,3200,3285,3790,3882,3869,3569,3532,3500,3535,3491,3397,3507,3719,3722,3771,3721,3734,3505,3460,3509,3357,3350,3265,3212,3406,3183,3164,2919,2793,2913,2915,3038,3083,3194,3338,3265,3485,3372,3349,3382,3309,3284,3085,3103,2805,2740,2642,2547,2437,2380,2125,2245,2151,2087,2010,2073,2111,2246,2331,1732,1780,1753,1517,1365,1180,1267,1214,1199,953,953,854,736,622,2422,2022,Persons
Derby,"128,123",1541,1547,1564,1559,1587,1633,1672,1766,1704,1794,1767,1725,1877,1830,1819,1799,1717,1646,1758,1937,2004,2008,1877,1849,1836,1824,1866,1797,1775,1922,1885,1973,1863,1883,1740,1659,1700,1645,1615,1590,1552,1632,1512,1480,1390,1372,1473,1454,1522,1508,1597,1636,1574,1709,1711,1642,1605,1610,1614,1501,1462,1384,1353,1285,1249,1165,1139,1037,1062,1044,988,981,1004,992,1018,1069,834,805,794,694,603,503,551,554,526,389,388,323,312,220,745,2022,Males
Derby,"131,755",1473,1474,1508,1525,1602,1654,1679,1661,1745,1738,1837,1780,1694,1692,1794,1656,1526,1555,1526,1853,1878,1860,1693,1683,1664,1712,1624,1600,1732,1797,1836,1797,1858,1851,1765,1802,1809,1711,1734,1675,1661,1774,1671,1684,1529,1421,1440,1462,1516,1575,1597,1702,1691,1776,1660,1707,1778,1699,1670,1584,1642,1421,1387,1357,1298,1272,1241,1088,1183,1107,1099,1028,1069,1120,1228,1262,898,974,959,823,762,677,716,660,673,564,565,531,424,402,1676,2022,Females
Derby,"260,440",3004,3003,3036,3086,3092,3190,3290,3339,3416,3444,3529,3604,3492,3575,3539,3628,3480,3249,3305,3999,3961,3784,3514,3529,3503,3453,3500,3480,3424,3516,3684,3681,3744,3697,3683,3486,3416,3480,3319,3329,3249,3202,3377,3161,3143,2886,2771,2896,2906,3013,3067,3167,3332,3247,3465,3349,3301,3347,3279,3243,3065,3055,2793,2697,2610,2513,2414,2350,2104,2213,2117,2054,1972,2020,2075,2193,2276,1681,1717,1701,1473,1308,1132,1198,1141,1104,873,872,758,643,2440,2023,Persons
Derby,"128,304",1535,1538,1545,1561,1564,1583,1637,1659,1765,1705,1789,1773,1722,1877,1841,1834,1818,1718,1703,2067,2050,1969,1844,1842,1837,1808,1793,1856,1790,1798,1890,1871,1944,1847,1845,1720,1634,1684,1620,1603,1573,1539,1620,1508,1465,1368,1360,1461,1448,1512,1506,1572,1630,1560,1697,1692,1607,1582,1590,1585,1481,1439,1371,1326,1261,1229,1147,1121,1025,1044,1024,970,960,970,963,991,1044,803,775,766,672,576,482,513,515,471,350,354,289,264,748,2023,Males
Derby,"132,136",1468,1465,1490,1525,1528,1607,1653,1680,1651,1739,1740,1831,1770,1698,1698,1793,1662,1531,1602,1932,1911,1814,1670,1688,1665,1645,1707,1624,1634,1718,1793,1811,1800,1850,1839,1766,1782,1796,1699,1727,1676,1663,1757,1653,1678,1517,1410,1434,1458,1500,1561,1595,1702,1686,1768,1657,1694,1765,1689,1657,1584,1616,1422,1371,1349,1283,1267,1228,1079,1169,1092,1083,1012,1050,1112,1202,1233,878,942,935,800,732,650,684,626,632,523,518,468,379,1692,2023,Females
Derby,261018,3005,2993,3017,3050,3094,3092,3193,3277,3330,3411,3442,3530,3589,3500,3593,3554,3652,3478,3365,4032,4164,3859,3437,3467,3486,3453,3420,3487,3498,3433,3498,3641,3655,3723,3656,3652,3443,3391,3437,3303,3311,3238,3180,3346,3145,3109,2862,2756,2884,2883,2995,3040,3163,3314,3231,3439,3300,3269,3317,3241,3218,3020,3038,2753,2665,2574,2490,2383,2324,2075,2176,2084,2016,1922,1988,2028,2140,2208,1626,1666,1650,1414,1255,1071,1126,1051,1009,803,775,665,2480,2024,Persons
Derby,128491,1536,1533,1536,1543,1565,1559,1587,1624,1660,1764,1702,1793,1770,1727,1889,1856,1854,1815,1778,2028,2175,2013,1808,1806,1825,1808,1776,1789,1845,1807,1777,1875,1844,1925,1816,1817,1694,1620,1657,1609,1585,1559,1530,1611,1495,1444,1358,1351,1453,1440,1508,1482,1567,1617,1552,1677,1655,1585,1563,1564,1562,1459,1424,1346,1302,1241,1210,1129,1108,1008,1024,1006,951,929,944,939,967,1004,775,746,740,645,551,451,477,462,423,321,315,246,788,2024,Males
Derby,132527,1469,1460,1481,1508,1528,1533,1606,1653,1670,1648,1740,1737,1820,1773,1705,1699,1798,1663,1587,2003,1989,1845,1629,1661,1661,1645,1643,1698,1654,1626,1721,1767,1811,1799,1840,1835,1750,1771,1780,1694,1725,1678,1650,1735,1650,1665,1504,1405,1430,1444,1487,1558,1596,1697,1680,1761,1645,1684,1754,1677,1656,1562,1614,1407,1363,1334,1279,1255,1216,1067,1152,1078,1066,994,1044,1089,1173,1204,852,919,910,770,703,621,649,589,586,482,461,419,1692,2024,Females
Derby,261601,3002,2994,3006,3031,3059,3094,3095,3181,3269,3329,3410,3443,3516,3596,3520,3609,3579,3649,3586,4143,4200,4044,3502,3391,3420,3426,3417,3407,3502,3499,3413,3470,3613,3635,3686,3633,3599,3422,3352,3416,3288,3297,3216,3157,3321,3115,3083,2846,2747,2860,2869,2966,3035,3148,3300,3210,3387,3267,3240,3277,3217,3170,3005,2993,2722,2628,2551,2459,2358,2291,2042,2142,2046,1966,1892,1943,1980,2077,2137,1580,1617,1584,1359,1188,1010,1039,963,927,715,681,2531,2025,Persons
Derby,128684,1535,1534,1531,1533,1548,1561,1563,1575,1626,1662,1758,1708,1787,1774,1742,1903,1874,1852,1872,2119,2145,2126,1847,1771,1788,1792,1774,1770,1782,1857,1780,1770,1847,1827,1891,1795,1785,1680,1596,1644,1592,1572,1550,1524,1592,1475,1434,1350,1346,1444,1437,1482,1477,1555,1609,1536,1640,1631,1567,1538,1542,1537,1445,1398,1322,1281,1222,1191,1116,1090,989,1006,985,919,905,920,917,931,970,747,722,710,618,515,420,429,416,388,286,268,806,2025,Males
Derby,132917,1467,1461,1476,1498,1511,1534,1533,1606,1643,1667,1651,1735,1728,1822,1778,1706,1705,1797,1713,2024,2055,1918,1656,1620,1632,1634,1643,1637,1720,1642,1632,1700,1765,1808,1795,1838,1814,1742,1756,1772,1695,1725,1666,1633,1729,1640,1649,1496,1401,1416,1432,1484,1558,1593,1691,1674,1747,1636,1674,1740,1675,1632,1561,1595,1400,1348,1329,1268,1242,1201,1053,1136,1060,1046,988,1023,1063,1146,1168,832,895,875,741,673,589,610,547,539,429,413,1725,2025,Females
Derby,262191,3002,2992,3008,3021,3040,3061,3098,3084,3174,3267,3331,3412,3429,3523,3618,3539,3635,3578,3757,4351,4331,4084,3662,3454,3345,3359,3382,3403,3424,3501,3473,3386,3455,3590,3599,3666,3588,3569,3386,3335,3397,3277,3273,3191,3138,3282,3093,3067,2835,2727,2844,2843,2960,3020,3136,3279,3165,3352,3238,3203,3255,3170,3152,2962,2958,2686,2605,2520,2433,2324,2253,2012,2103,1995,1935,1851,1898,1922,2010,2077,1535,1553,1522,1288,1120,934,954,886,824,630,2588,2026,Persons
Derby,128891,1535,1532,1532,1528,1538,1544,1564,1550,1577,1628,1660,1763,1704,1790,1790,1761,1921,1871,1913,2212,2241,2106,1943,1808,1753,1754,1755,1767,1763,1799,1828,1770,1751,1830,1796,1868,1770,1766,1655,1586,1626,1580,1562,1543,1508,1567,1466,1427,1345,1340,1439,1414,1476,1466,1548,1593,1503,1616,1611,1542,1517,1518,1521,1418,1373,1301,1262,1203,1178,1098,1069,972,985,953,896,882,899,883,899,936,724,693,681,579,480,379,387,381,345,244,838,2026,Males
Derby,133300,1467,1459,1477,1493,1502,1517,1534,1534,1597,1639,1671,1649,1725,1733,1828,1778,1714,1706,1844,2139,2089,1977,1719,1647,1592,1605,1627,1636,1661,1702,1646,1616,1703,1761,1802,1798,1818,1803,1731,1749,1771,1698,1710,1648,1630,1716,1627,1640,1490,1387,1404,1429,1484,1554,1588,1686,1662,1736,1627,1661,1738,1652,1631,1544,1585,1385,1343,1317,1255,1226,1184,1039,1118,1042,1040,968,999,1039,1111,1141,812,860,841,709,640,555,567,505,479,386,1750,2026,Females
Derby,262808,3007,2992,3006,3023,3031,3042,3065,3087,3077,3173,3269,3336,3401,3437,3544,3636,3567,3635,3689,4547,4523,4220,3700,3604,3407,3286,3315,3362,3419,3424,3474,3442,3371,3444,3553,3581,3624,3564,3524,3372,3320,3384,3256,3246,3172,3105,3253,3080,3056,2813,2713,2818,2840,2944,3008,3118,3233,3135,3322,3200,3182,3207,3154,3105,2929,2918,2664,2573,2494,2399,2286,2218,1976,2051,1964,1893,1809,1843,1861,1954,2020,1476,1493,1443,1215,1036,860,879,791,725,2598,2027,Persons
Derby,129123,1537,1533,1530,1529,1533,1534,1548,1552,1551,1580,1627,1668,1758,1709,1805,1809,1783,1919,1930,2271,2331,2201,1933,1896,1789,1720,1717,1745,1758,1779,1774,1815,1748,1741,1798,1776,1841,1756,1737,1644,1571,1613,1572,1556,1527,1486,1554,1460,1423,1339,1338,1415,1409,1463,1459,1533,1560,1483,1596,1584,1522,1494,1504,1492,1394,1352,1283,1242,1190,1158,1078,1051,953,953,929,873,862,866,853,869,908,694,666,637,540,433,343,356,341,295,847,2027,Males
Derby,133685,1470,1460,1476,1495,1497,1508,1517,1536,1526,1594,1643,1668,1642,1728,1739,1828,1785,1716,1758,2275,2192,2019,1767,1707,1618,1566,1598,1617,1661,1645,1700,1627,1623,1703,1755,1804,1783,1808,1787,1727,1749,1771,1685,1690,1645,1620,1700,1621,1633,1473,1375,1402,1430,1481,1548,1584,1674,1652,1726,1616,1660,1712,1651,1613,1535,1566,1381,1331,1304,1241,1209,1167,1024,1097,1036,1019,946,977,1008,1086,1112,782,827,806,675,603,517,523,450,430,1751,2027,Females
Derby,263418,3015,2997,3007,3021,3033,3033,3047,3055,3081,3077,3176,3274,3328,3409,3458,3562,3665,3571,3750,4484,4718,4391,3831,3644,3549,3346,3244,3294,3373,3418,3400,3442,3423,3360,3417,3534,3540,3603,3526,3503,3359,3310,3360,3233,3225,3140,3082,3234,3073,3032,2797,2690,2813,2826,2931,2990,3075,3204,3109,3282,3179,3137,3191,3109,3069,2892,2893,2633,2547,2459,2361,2252,2178,1929,2019,1922,1850,1757,1785,1809,1901,1944,1421,1416,1362,1125,953,794,785,696,2687,2028,Persons
Derby,129353,1541,1535,1531,1528,1535,1530,1538,1536,1553,1553,1579,1634,1666,1762,1725,1822,1831,1786,1979,2281,2398,2283,2019,1892,1872,1755,1684,1706,1734,1774,1754,1764,1791,1735,1717,1778,1752,1826,1732,1722,1629,1559,1604,1566,1539,1504,1475,1543,1458,1418,1338,1318,1410,1399,1455,1445,1501,1539,1466,1569,1563,1500,1480,1476,1466,1373,1333,1264,1229,1171,1137,1059,1029,922,929,906,854,832,837,824,842,873,667,624,596,488,391,316,319,291,894,2028,Males
Derby,134065,1474,1462,1476,1494,1498,1503,1508,1520,1528,1524,1597,1640,1662,1648,1734,1741,1834,1786,1771,2203,2321,2108,1812,1752,1677,1591,1560,1588,1639,1645,1646,1677,1632,1625,1701,1756,1788,1777,1794,1781,1729,1751,1756,1667,1686,1635,1607,1691,1616,1614,1459,1373,1403,1427,1475,1545,1574,1664,1643,1713,1616,1637,1710,1633,1604,1519,1560,1369,1318,1289,1224,1192,1149,1006,1090,1016,996,926,948,985,1058,1071,754,792,766,637,562,478,466,405,1792,2028,Females
Derby,264035,3028,3005,3012,3022,3031,3035,3038,3037,3050,3081,3080,3181,3266,3339,3432,3477,3591,3668,3694,4562,4662,4574,3971,3778,3590,3481,3302,3224,3304,3368,3394,3369,3423,3409,3333,3407,3493,3521,3567,3509,3484,3350,3289,3333,3215,3190,3116,3068,3222,3052,3016,2773,2687,2798,2815,2912,2949,3048,3178,3074,3259,3133,3122,3145,3074,3029,2869,2859,2607,2512,2420,2325,2211,2124,1901,1976,1879,1797,1703,1736,1760,1829,1873,1349,1337,1262,1037,881,711,693,2740,2029,Persons
Derby,129590,1548,1539,1533,1528,1534,1531,1534,1527,1537,1555,1551,1586,1633,1672,1776,1743,1843,1834,1855,2336,2403,2350,2090,1976,1872,1834,1717,1674,1695,1747,1748,1744,1744,1775,1708,1703,1753,1739,1800,1721,1703,1618,1552,1598,1550,1516,1493,1467,1538,1453,1417,1318,1314,1398,1393,1440,1415,1482,1522,1444,1548,1539,1486,1454,1451,1443,1355,1313,1251,1209,1149,1117,1038,996,899,906,886,824,804,809,799,810,841,626,584,538,442,361,284,273,931,2029,Males
Derby,134445,1480,1466,1478,1494,1497,1504,1504,1511,1512,1526,1529,1595,1633,1667,1655,1735,1748,1834,1839,2226,2259,2224,1882,1801,1718,1648,1585,1550,1609,1621,1646,1625,1679,1634,1625,1705,1740,1782,1767,1788,1781,1733,1736,1735,1664,1674,1623,1600,1684,1599,1598,1455,1373,1400,1423,1472,1534,1566,1656,1631,1712,1594,1636,1691,1624,1586,1514,1546,1356,1303,1271,1208,1173,1128,1001,1069,993,974,899,928,961,1019,1032,724,753,723,595,520,427,419,1809,2029,Females
Derby,264679,3046,3018,3019,3027,3032,3034,3040,3028,3032,3051,3084,3086,3174,3277,3364,3451,3506,3595,3793,4545,4745,4525,4131,3905,3725,3523,3432,3282,3235,3299,3341,3362,3351,3409,3379,3323,3375,3473,3486,3552,3494,3471,3331,3265,3312,3182,3165,3101,3059,3195,3039,2990,2769,2675,2787,2799,2870,2923,3024,3143,3055,3212,3118,3079,3111,3035,3003,2836,2829,2572,2472,2384,2284,2158,2093,1861,1932,1826,1742,1658,1690,1695,1762,1780,1276,1239,1164,961,789,629,2783,2030,Persons
Derby,129853,1557,1546,1537,1531,1534,1530,1535,1522,1528,1540,1554,1559,1585,1639,1689,1793,1765,1844,1906,2243,2459,2353,2152,2041,1954,1836,1792,1707,1664,1708,1721,1738,1723,1731,1747,1692,1683,1740,1715,1788,1706,1689,1611,1547,1581,1528,1505,1485,1463,1530,1454,1397,1315,1305,1391,1379,1409,1397,1466,1499,1425,1524,1524,1460,1430,1429,1423,1335,1299,1232,1187,1130,1095,1006,972,878,887,855,797,778,785,769,779,790,585,528,488,409,324,244,947,2030,Males
Derby,134826,1489,1472,1482,1496,1498,1504,1505,1506,1503,1511,1530,1527,1589,1639,1675,1658,1741,1751,1888,2302,2286,2172,1979,1864,1771,1687,1640,1575,1571,1591,1620,1624,1628,1677,1632,1631,1692,1733,1771,1764,1789,1782,1720,1717,1731,1654,1660,1616,1596,1665,1586,1593,1453,1370,1396,1420,1461,1526,1558,1644,1630,1688,1594,1619,1681,1606,1581,1501,1530,1341,1285,1254,1189,1152,1121,983,1045,972,945,880,906,926,982,990,691,711,676,552,465,385,1836,2030,Females
Derby,265363,3067,3035,3032,3034,3037,3035,3039,3031,3023,3033,3055,3091,3079,3186,3301,3385,3481,3510,3718,4655,4747,4607,4093,4058,3844,3657,3474,3408,3292,3230,3272,3307,3344,3338,3379,3366,3290,3362,3437,3472,3538,3485,3447,3308,3246,3277,3159,3149,3093,3037,3176,3017,2986,2755,2666,2769,2760,2844,2900,2993,3125,3013,3196,3075,3047,3071,3011,2968,2809,2791,2533,2435,2343,2229,2126,2048,1821,1878,1771,1696,1615,1629,1634,1676,1685,1184,1144,1078,862,699,2767,2031,Persons
Derby,130141,1568,1555,1544,1535,1537,1531,1535,1524,1524,1531,1539,1561,1557,1592,1655,1708,1815,1768,1912,2298,2388,2406,2152,2103,2016,1917,1797,1779,1696,1676,1682,1709,1716,1710,1705,1729,1670,1675,1715,1705,1771,1694,1679,1606,1532,1558,1517,1496,1481,1458,1528,1434,1394,1307,1300,1377,1350,1390,1382,1444,1481,1405,1509,1497,1437,1409,1410,1402,1322,1279,1209,1167,1108,1061,981,949,859,856,827,771,756,755,741,733,742,530,480,452,368,279,937,2031,Males
Derby,135222,1499,1480,1488,1500,1500,1504,1504,1508,1499,1502,1516,1529,1522,1594,1646,1677,1666,1742,1806,2356,2359,2200,1940,1955,1828,1740,1677,1629,1596,1554,1590,1597,1627,1627,1673,1637,1620,1687,1722,1767,1767,1790,1768,1703,1714,1719,1642,1652,1612,1579,1649,1583,1591,1448,1366,1393,1410,1454,1518,1548,1644,1608,1687,1578,1610,1662,1601,1566,1487,1512,1323,1269,1235,1169,1145,1099,962,1023,944,925,859,874,893,943,944,654,664,626,494,420,1830,2031,Females
Derby,266038,3092,3055,3049,3047,3044,3040,3040,3030,3026,3025,3037,3061,3084,3091,3210,3323,3416,3485,3632,4563,4858,4620,4167,4024,3992,3768,3607,3451,3416,3286,3204,3238,3286,3330,3308,3366,3331,3277,3334,3423,3460,3530,3463,3420,3291,3214,3251,3145,3139,3070,3023,3148,3015,2972,2745,2651,2730,2736,2820,2869,2976,3082,3000,3151,3043,3009,3047,2977,2939,2772,2747,2497,2393,2287,2197,2081,2004,1772,1821,1725,1652,1558,1571,1555,1587,1566,1095,1060,968,764,2815,2032,Persons
Derby,130429,1581,1565,1552,1541,1541,1533,1535,1523,1526,1527,1530,1547,1560,1563,1608,1674,1731,1816,1837,2292,2445,2353,2200,2102,2078,1975,1875,1786,1766,1708,1651,1670,1687,1704,1684,1689,1706,1660,1655,1705,1690,1758,1687,1672,1591,1511,1546,1509,1492,1475,1457,1504,1432,1386,1302,1288,1347,1333,1374,1361,1427,1460,1393,1482,1472,1417,1390,1390,1387,1302,1256,1190,1144,1074,1035,958,929,830,828,801,749,729,728,697,687,673,482,444,407,317,958,2032,Males
Derby,135608,1511,1490,1496,1506,1504,1506,1505,1507,1500,1498,1507,1515,1524,1528,1602,1649,1686,1669,1795,2271,2414,2266,1967,1922,1914,1792,1732,1665,1650,1578,1553,1568,1599,1627,1624,1676,1626,1617,1678,1718,1770,1771,1776,1748,1701,1703,1705,1635,1647,1596,1566,1644,1583,1586,1442,1363,1383,1403,1447,1508,1549,1622,1607,1669,1570,1593,1657,1587,1552,1470,1491,1306,1249,1214,1162,1123,1075,942,993,924,903,829,844,858,899,893,613,616,561,447,1857,2032,Females
Derby,266710,3120,3080,3069,3064,3057,3047,3045,3031,3025,3028,3029,3044,3056,3097,3114,3231,3353,3424,3608,4466,4762,4728,4186,4096,3960,3910,3712,3584,3459,3408,3259,3171,3218,3270,3301,3296,3331,3316,3250,3325,3410,3452,3510,3438,3398,3259,3189,3235,3137,3115,3056,2999,3143,3004,2960,2728,2614,2706,2714,2790,2854,2937,3069,2960,3117,3005,2987,3013,2948,2899,2730,2707,2455,2337,2255,2152,2037,1948,1719,1774,1681,1594,1504,1496,1473,1476,1450,1017,953,859,2916,2033,Persons
Derby,130724,1595,1578,1563,1549,1547,1537,1538,1524,1525,1528,1526,1538,1546,1566,1579,1627,1697,1735,1883,2215,2429,2410,2165,2147,2075,2036,1930,1863,1774,1776,1682,1640,1648,1673,1677,1668,1668,1694,1639,1648,1689,1679,1750,1682,1654,1568,1501,1538,1506,1486,1474,1435,1500,1424,1381,1290,1261,1329,1317,1352,1345,1407,1448,1370,1457,1451,1399,1371,1376,1366,1279,1236,1168,1109,1048,1011,938,897,804,802,778,723,703,685,655,624,613,447,401,351,1008,2033,Males
Derby,135986,1525,1502,1506,1514,1510,1510,1507,1508,1500,1499,1503,1506,1510,1531,1536,1604,1656,1689,1725,2251,2333,2319,2022,1949,1885,1875,1781,1721,1685,1632,1577,1531,1569,1597,1624,1628,1663,1622,1610,1676,1720,1773,1760,1757,1744,1691,1689,1697,1631,1629,1583,1564,1642,1580,1579,1438,1353,1377,1397,1437,1508,1529,1622,1591,1660,1554,1588,1642,1572,1534,1451,1471,1287,1228,1207,1141,1098,1052,916,972,903,871,801,811,818,852,837,570,552,508,1908,2033,Females
Derby,267389,3147,3108,3093,3084,3073,3059,3052,3036,3026,3027,3032,3036,3039,3069,3121,3136,3261,3361,3552,4444,4664,4633,4284,4124,4031,3881,3851,3684,3593,3451,3378,3226,3151,3202,3240,3288,3262,3316,3286,3241,3317,3401,3432,3486,3419,3362,3235,3175,3225,3114,3099,3032,2997,3127,2995,2943,2690,2592,2684,2686,2773,2815,2926,3030,2931,3079,2982,2954,2984,2910,2855,2692,2662,2398,2304,2209,2107,1981,1891,1676,1729,1623,1539,1434,1419,1370,1367,1348,916,846,3085,2034,Persons
Derby,131025,1609,1592,1575,1560,1555,1543,1541,1526,1526,1528,1528,1534,1537,1552,1582,1597,1649,1701,1806,2256,2356,2388,2216,2124,2119,2033,1989,1916,1851,1786,1748,1670,1619,1635,1646,1661,1647,1659,1672,1631,1637,1678,1671,1744,1666,1629,1557,1493,1533,1500,1485,1452,1433,1490,1421,1369,1263,1245,1313,1298,1335,1327,1396,1424,1348,1437,1432,1380,1358,1356,1341,1260,1213,1133,1083,1024,990,906,868,779,779,751,697,663,644,595,569,570,403,346,1079,2034,Males
Derby,136364,1538,1516,1518,1524,1518,1516,1511,1510,1500,1499,1504,1502,1502,1517,1539,1539,1612,1660,1746,2188,2308,2245,2068,2000,1913,1848,1861,1768,1742,1665,1630,1555,1533,1568,1593,1627,1615,1657,1614,1610,1680,1723,1761,1742,1754,1733,1678,1682,1692,1615,1614,1580,1564,1637,1575,1574,1427,1347,1371,1388,1438,1488,1530,1606,1583,1642,1550,1575,1626,1554,1513,1432,1448,1266,1222,1185,1117,1075,1022,897,950,872,842,771,775,776,798,778,513,499,2006,2034,Females
Derby,268104,3173,3134,3120,3108,3093,3075,3064,3043,3031,3028,3031,3039,3031,3052,3093,3142,3165,3269,3487,4410,4645,4540,4198,4220,4066,3951,3823,3820,3690,3585,3421,3341,3205,3137,3172,3226,3254,3248,3286,3276,3233,3312,3381,3410,3467,3384,3335,3221,3166,3200,3100,3074,3030,2985,3114,2980,2903,2667,2571,2655,2672,2735,2805,2889,3000,2896,3055,2949,2927,2945,2866,2814,2648,2601,2366,2258,2163,2050,1923,1843,1635,1669,1568,1467,1361,1321,1271,1271,1216,815,3218,2035,Persons
Derby,131344,1622,1606,1589,1572,1565,1551,1547,1530,1528,1529,1527,1536,1533,1543,1568,1600,1618,1654,1772,2192,2392,2321,2192,2174,2105,2075,1986,1975,1902,1863,1759,1734,1649,1606,1608,1630,1640,1638,1638,1662,1618,1628,1670,1667,1727,1642,1616,1550,1490,1527,1499,1463,1449,1424,1484,1409,1341,1248,1231,1293,1282,1316,1317,1374,1402,1330,1418,1412,1367,1338,1332,1320,1237,1177,1107,1058,1004,957,879,842,757,752,725,658,623,585,543,529,516,349,1135,2035,Males
Derby,136759,1551,1529,1531,1536,1528,1524,1517,1513,1503,1499,1504,1504,1498,1508,1525,1542,1547,1616,1715,2217,2254,2219,2006,2046,1961,1876,1836,1846,1788,1723,1663,1607,1557,1531,1564,1596,1614,1610,1648,1613,1614,1684,1711,1743,1741,1743,1719,1672,1677,1674,1601,1611,1581,1561,1630,1571,1561,1419,1341,1362,1389,1419,1489,1516,1598,1566,1637,1537,1560,1607,1534,1494,1411,1424,1260,1199,1160,1093,1045,1001,878,917,843,809,737,736,728,743,700,466,2084,2035,Females
Derby,268832,3202,3160,3147,3134,3117,3095,3080,3055,3038,3033,3033,3039,3034,3044,3076,3115,3172,3173,3393,4326,4623,4525,4114,4133,4158,3988,3891,3793,3825,3679,3554,3385,3319,3190,3107,3159,3191,3240,3219,3276,3266,3228,3297,3358,3392,3432,3359,3317,3214,3143,3185,3077,3070,3018,2976,3095,2941,2878,2646,2545,2640,2636,2725,2770,2862,2965,2875,3021,2922,2891,2901,2826,2767,2588,2566,2320,2212,2106,1991,1875,1797,1580,1613,1496,1393,1268,1226,1183,1147,1083,3308,2036,Persons
Derby,131672,1637,1619,1603,1585,1577,1561,1556,1536,1532,1531,1528,1535,1535,1539,1560,1587,1622,1622,1723,2152,2339,2352,2134,2147,2153,2066,2027,1971,1961,1913,1833,1746,1711,1635,1579,1592,1608,1630,1617,1631,1648,1609,1623,1665,1651,1701,1631,1606,1546,1484,1526,1477,1460,1440,1420,1470,1381,1326,1234,1213,1277,1265,1305,1296,1353,1383,1313,1398,1398,1348,1315,1312,1295,1200,1150,1082,1037,970,928,852,819,731,727,685,619,568,535,505,479,448,1183,2036,Males
Derby,137159,1565,1541,1544,1549,1539,1533,1525,1519,1506,1502,1504,1503,1500,1504,1517,1529,1550,1551,1670,2175,2284,2173,1981,1987,2005,1922,1865,1822,1865,1766,1721,1639,1608,1555,1528,1567,1583,1610,1602,1646,1618,1620,1674,1693,1741,1731,1729,1711,1668,1659,1659,1599,1610,1578,1556,1625,1560,1552,1411,1332,1363,1371,1419,1474,1509,1582,1562,1623,1524,1543,1586,1514,1472,1388,1416,1237,1174,1136,1063,1023,978,849,887,811,774,700,691,678,669,635,2125,2036,Females
Derby,269560,3233,3189,3173,3161,3143,3118,3099,3070,3049,3039,3037,3040,3034,3047,3068,3098,3145,3181,3293,4213,4534,4511,4105,4054,4073,4079,3932,3862,3799,3813,3645,3517,3363,3302,3160,3094,3125,3176,3211,3209,3267,3260,3213,3278,3340,3359,3408,3343,3307,3191,3129,3159,3075,3057,3008,2960,3053,2918,2855,2618,2532,2605,2628,2690,2744,2830,2945,2845,2994,2886,2849,2862,2780,2705,2555,2515,2273,2153,2046,1942,1829,1736,1528,1539,1421,1299,1178,1143,1069,1023,3621,2037,Persons
Derby,132001,1653,1634,1616,1599,1591,1573,1565,1544,1538,1534,1531,1536,1535,1541,1556,1578,1608,1626,1688,2094,2296,2309,2159,2093,2124,2114,2023,2011,1956,1972,1882,1820,1723,1696,1609,1564,1571,1598,1609,1609,1618,1638,1603,1621,1649,1628,1689,1622,1601,1540,1484,1504,1475,1451,1435,1407,1440,1366,1312,1217,1199,1259,1255,1284,1277,1336,1367,1296,1385,1378,1325,1296,1288,1257,1174,1126,1061,1003,941,900,829,791,707,686,645,565,520,497,458,415,1308,2037,Males
Derby,137559,1580,1555,1557,1562,1552,1545,1534,1527,1512,1505,1507,1504,1499,1506,1513,1520,1537,1555,1606,2119,2239,2202,1946,1961,1949,1965,1909,1851,1843,1841,1763,1697,1640,1606,1551,1531,1554,1578,1601,1601,1649,1622,1610,1657,1691,1731,1718,1721,1706,1651,1645,1656,1600,1606,1573,1553,1613,1552,1543,1401,1333,1346,1372,1406,1467,1494,1578,1549,1609,1507,1523,1566,1492,1447,1381,1390,1212,1150,1105,1042,1000,945,822,853,776,734,658,645,611,608,2313,2037,Females
Derby,270283,3265,3220,3202,3187,3170,3145,3123,3089,3065,3051,3044,3045,3035,3047,3072,3091,3129,3154,3302,4087,4417,4424,4098,4046,3996,3995,4020,3905,3867,3787,3776,3605,3494,3346,3270,3146,3060,3109,3146,3201,3200,3261,3244,3195,3263,3307,3335,3392,3335,3281,3178,3105,3156,3063,3046,2993,2922,3026,2897,2826,2605,2499,2596,2595,2663,2713,2811,2915,2820,2956,2844,2811,2816,2719,2670,2506,2465,2215,2092,1996,1895,1768,1679,1460,1463,1326,1207,1100,1034,953,3835,2038,Persons
Derby,132329,1669,1650,1630,1612,1604,1587,1577,1553,1546,1540,1534,1538,1535,1541,1558,1574,1600,1612,1692,2043,2235,2266,2127,2114,2074,2083,2069,2011,1995,1967,1940,1868,1796,1709,1668,1592,1543,1561,1577,1601,1596,1608,1632,1599,1607,1625,1617,1680,1618,1593,1540,1463,1501,1466,1446,1423,1379,1423,1353,1294,1203,1183,1249,1235,1264,1260,1320,1349,1284,1365,1355,1306,1273,1250,1229,1149,1104,1027,973,913,876,801,765,668,647,588,517,485,451,398,1385,2038,Males
Derby,137955,1596,1570,1571,1575,1565,1558,1545,1536,1519,1510,1510,1506,1500,1506,1514,1517,1529,1542,1610,2044,2182,2158,1971,1932,1923,1911,1951,1894,1872,1820,1836,1738,1698,1637,1602,1554,1518,1549,1569,1599,1604,1653,1613,1595,1656,1682,1718,1712,1716,1688,1638,1642,1655,1597,1600,1570,1543,1603,1545,1532,1401,1316,1347,1360,1399,1453,1492,1566,1536,1591,1489,1504,1543,1468,1440,1357,1361,1188,1119,1083,1020,967,914,792,816,738,690,615,582,556,2450,2038,Females
Derby,271040,3295,3252,3233,3215,3195,3171,3149,3112,3083,3066,3055,3051,3040,3048,3072,3094,3121,3138,3276,4102,4286,4310,4018,4044,3988,3921,3937,3992,3914,3855,3751,3734,3580,3477,3315,3255,3112,3045,3080,3135,3191,3195,3245,3225,3181,3233,3283,3321,3384,3310,3265,3155,3103,3143,3054,3030,2953,2899,3003,2869,2812,2570,2492,2563,2571,2633,2695,2783,2890,2786,2913,2806,2767,2754,2685,2618,2457,2402,2153,2042,1949,1833,1711,1604,1389,1366,1234,1127,997,924,3954,2039,Persons
Derby,132673,1684,1666,1646,1627,1617,1600,1591,1565,1555,1548,1540,1542,1538,1542,1558,1576,1596,1604,1679,2050,2178,2207,2087,2089,2092,2036,2038,2056,1999,2006,1934,1925,1842,1781,1682,1650,1571,1533,1540,1569,1588,1587,1603,1627,1585,1586,1614,1609,1676,1612,1592,1518,1461,1492,1462,1433,1394,1363,1408,1334,1280,1188,1174,1229,1217,1247,1245,1303,1338,1267,1342,1335,1283,1236,1223,1203,1127,1068,997,944,889,847,776,723,630,590,540,482,441,393,1433,2039,Males
Derby,138367,1610,1586,1586,1589,1578,1571,1558,1547,1528,1518,1515,1509,1502,1506,1514,1518,1525,1534,1597,2052,2108,2103,1931,1955,1897,1885,1899,1936,1915,1849,1817,1809,1738,1696,1633,1605,1541,1513,1540,1567,1603,1608,1642,1597,1595,1647,1669,1712,1708,1699,1674,1637,1643,1652,1592,1596,1559,1535,1595,1535,1532,1382,1318,1335,1354,1385,1450,1480,1552,1519,1571,1471,1483,1517,1461,1415,1330,1333,1156,1098,1059,986,935,880,759,776,695,644,556,531,2522,2039,Females
Derby,271827,3319,3282,3265,3247,3224,3196,3175,3138,3106,3084,3070,3062,3046,3053,3073,3094,3125,3130,3259,4077,4303,4184,3915,3965,3990,3913,3865,3910,4000,3903,3818,3711,3708,3561,3445,3300,3218,3097,3017,3070,3125,3186,3179,3226,3210,3151,3212,3268,3313,3360,3296,3239,3154,3091,3133,3038,2989,2930,2878,2971,2857,2775,2562,2462,2539,2543,2614,2667,2760,2856,2747,2874,2762,2707,2720,2634,2567,2395,2335,2103,1995,1885,1775,1635,1526,1299,1272,1153,1021,892,4025,2040,Persons
Derby,133034,1697,1681,1663,1642,1632,1613,1604,1578,1567,1557,1547,1547,1541,1544,1558,1576,1598,1600,1670,2037,2186,2149,2033,2050,2071,2052,1993,2025,2044,2012,1972,1920,1899,1826,1753,1664,1628,1561,1512,1532,1556,1579,1581,1600,1613,1564,1577,1606,1605,1668,1611,1568,1516,1452,1487,1449,1405,1378,1349,1388,1321,1264,1179,1156,1210,1202,1232,1229,1292,1320,1247,1323,1312,1247,1210,1198,1181,1092,1038,968,920,860,820,734,683,576,542,504,439,384,1465,2040,Males
Derby,138793,1622,1600,1602,1604,1592,1583,1571,1560,1539,1527,1523,1515,1505,1509,1515,1518,1527,1530,1589,2040,2117,2035,1882,1915,1919,1861,1873,1885,1956,1891,1846,1791,1809,1735,1692,1635,1591,1536,1505,1538,1570,1607,1598,1626,1597,1587,1636,1663,1708,1692,1684,1671,1638,1639,1646,1589,1585,1552,1528,1584,1536,1511,1382,1306,1329,1341,1382,1438,1468,1536,1500,1552,1451,1460,1510,1436,1387,1303,1298,1134,1074,1025,955,901,843,723,730,649,583,508,2560,2040,Females
Derby,272635,3338,3306,3294,3279,3255,3225,3200,3164,3132,3107,3088,3077,3057,3059,3078,3096,3125,3134,3251,4057,4279,4201,3802,3864,3912,3918,3858,3839,3917,3989,3867,3776,3685,3687,3527,3429,3263,3202,3068,3007,3060,3119,3170,3160,3211,3179,3131,3200,3260,3290,3346,3270,3236,3142,3082,3116,2999,2965,2909,2850,2956,2821,2766,2531,2440,2510,2526,2588,2646,2729,2817,2712,2829,2703,2675,2669,2584,2502,2330,2281,2055,1931,1827,1697,1557,1427,1211,1189,1047,915,4054,2041,Persons
Derby,133403,1707,1694,1678,1659,1648,1627,1617,1591,1580,1569,1557,1555,1547,1548,1561,1577,1598,1602,1666,2027,2173,2157,1979,1997,2033,2035,2007,1981,2012,2057,1981,1957,1894,1882,1797,1735,1642,1616,1540,1504,1519,1546,1573,1578,1586,1590,1554,1570,1602,1599,1667,1588,1565,1507,1448,1474,1420,1388,1364,1331,1372,1305,1255,1162,1140,1194,1187,1216,1219,1276,1299,1230,1300,1274,1222,1186,1176,1143,1061,1008,944,891,834,776,693,625,529,506,459,383,1483,2041,Males
Derby,139231,1631,1612,1617,1620,1607,1598,1584,1573,1552,1538,1532,1522,1510,1512,1517,1519,1527,1532,1585,2030,2106,2044,1824,1867,1880,1883,1851,1858,1906,1931,1886,1819,1791,1805,1730,1694,1621,1585,1528,1503,1541,1573,1597,1582,1625,1589,1577,1630,1659,1691,1679,1682,1672,1636,1634,1642,1579,1577,1545,1519,1584,1517,1511,1369,1300,1316,1338,1372,1427,1453,1518,1482,1530,1428,1453,1484,1408,1359,1269,1273,1111,1040,993,921,863,802,682,683,588,532,2571,2041,Females
Derby,273444,3353,3325,3319,3308,3287,3256,3229,3189,3157,3132,3111,3095,3072,3070,3084,3100,3126,3134,3255,4048,4258,4179,3818,3755,3813,3842,3865,3832,3848,3906,3952,3826,3750,3665,3651,3510,3392,3247,3171,3058,2997,3054,3103,3151,3146,3181,3158,3119,3195,3238,3276,3321,3269,3223,3134,3066,3075,2976,2943,2881,2837,2917,2814,2733,2508,2413,2493,2501,2567,2616,2692,2781,2671,2769,2671,2626,2619,2520,2435,2277,2229,1991,1871,1748,1617,1457,1330,1134,1081,939,4094,2042,Persons
Derby,133776,1714,1704,1690,1674,1664,1643,1631,1604,1593,1582,1568,1564,1554,1553,1564,1579,1599,1602,1668,2022,2162,2146,1987,1943,1981,1997,1993,1994,1969,2024,2025,1968,1930,1877,1852,1777,1712,1632,1594,1532,1492,1510,1540,1570,1564,1565,1580,1547,1568,1595,1598,1643,1586,1554,1503,1436,1445,1405,1375,1345,1317,1354,1296,1237,1146,1126,1180,1172,1206,1204,1256,1282,1209,1263,1248,1197,1165,1139,1111,1031,984,915,863,790,734,635,575,495,462,401,1495,2042,Males
Derby,139668,1639,1622,1628,1635,1623,1613,1598,1585,1565,1550,1543,1531,1518,1517,1520,1521,1527,1532,1587,2026,2096,2033,1832,1811,1833,1845,1872,1838,1879,1882,1927,1859,1819,1788,1799,1732,1680,1615,1577,1526,1505,1545,1563,1581,1582,1616,1578,1572,1627,1642,1678,1678,1683,1668,1631,1630,1630,1571,1569,1536,1520,1563,1518,1496,1362,1287,1314,1329,1361,1412,1437,1500,1462,1506,1422,1429,1455,1380,1324,1246,1246,1076,1008,958,883,821,755,639,619,538,2599,2042,Females
Derby,274266,3363,3341,3338,3333,3317,3288,3260,3218,3182,3158,3136,3117,3090,3085,3095,3106,3131,3135,3255,4053,4249,4158,3799,3770,3706,3745,3790,3841,3841,3838,3870,3910,3801,3729,3629,3633,3471,3374,3216,3160,3048,2992,3038,3084,3137,3116,3159,3145,3113,3174,3224,3252,3320,3256,3212,3119,3027,3050,2955,2914,2868,2801,2907,2782,2709,2481,2398,2469,2482,2537,2581,2660,2740,2616,2737,2622,2578,2555,2453,2379,2227,2159,1932,1792,1667,1514,1360,1245,1033,970,4148,2043,Persons
Derby,134156,1719,1712,1700,1686,1679,1659,1647,1618,1605,1595,1581,1576,1563,1561,1569,1582,1601,1603,1669,2024,2158,2135,1976,1951,1927,1946,1956,1982,1981,1982,1992,2011,1942,1913,1847,1833,1754,1701,1610,1586,1519,1483,1504,1537,1556,1543,1555,1572,1544,1563,1595,1576,1640,1576,1549,1491,1408,1429,1391,1355,1331,1300,1344,1278,1220,1132,1113,1164,1163,1190,1185,1240,1261,1176,1237,1223,1176,1129,1108,1080,1006,953,888,819,748,673,585,538,452,404,1521,2043,Males
Derby,140110,1643,1629,1638,1647,1638,1629,1613,1599,1577,1563,1555,1542,1526,1524,1525,1524,1530,1532,1587,2029,2091,2023,1823,1819,1779,1799,1834,1859,1860,1855,1878,1899,1859,1816,1783,1800,1717,1674,1606,1574,1528,1509,1534,1547,1580,1573,1604,1573,1569,1612,1629,1677,1680,1680,1663,1628,1619,1622,1564,1559,1538,1501,1563,1504,1489,1349,1285,1304,1318,1347,1396,1420,1480,1439,1500,1399,1401,1426,1344,1300,1221,1206,1044,973,919,842,775,707,581,566,2627,2043,Females
Derbyshire,"816,081",7562,7666,7772,7792,8080,8455,8646,8698,8815,9171,9551,9401,9342,8997,9399,8962,9080,8712,8364,6064,5771,6402,7446,8477,8650,9148,9347,9399,9682,9551,10057,10385,10057,9961,9843,9718,9744,9735,9386,9529,9525,9793,9876,9453,8685,8764,9329,9886,10261,11050,12022,12619,12207,12800,12830,13201,13066,13007,12691,12518,11935,11615,11003,10951,10656,10124,9917,9332,9609,9392,9027,9185,9347,9476,9991,10720,8093,7713,7881,6856,5791,4953,4805,4617,4204,3725,3275,2888,2451,2106,8035,2022,Persons
Derbyshire,"400,895",3881,3943,4024,4045,4203,4394,4418,4577,4469,4685,4847,4793,4767,4600,4769,4562,4581,4474,4291,3270,3055,3332,3751,4255,4434,4576,4736,4680,4817,4746,4838,5116,4965,4856,4710,4701,4691,4574,4585,4623,4665,4785,4818,4562,4197,4240,4504,4928,5059,5393,5992,6236,5861,6289,6380,6539,6391,6406,6159,6229,5923,5804,5450,5408,5315,5078,4999,4584,4685,4700,4384,4556,4548,4509,4728,5195,3843,3766,3659,3174,2660,2288,2160,2062,1820,1541,1328,1159,949,800,2546,2022,Males
Derbyshire,"415,185",3680,3721,3752,3746,3877,4060,4225,4121,4348,4485,4703,4608,4575,4397,4627,4400,4498,4235,4073,2794,2717,3069,3697,4221,4216,4572,4612,4719,4864,4807,5219,5270,5092,5102,5132,5015,5053,5160,4800,4906,4858,5008,5057,4889,4487,4527,4825,4960,5204,5658,6032,6383,6349,6512,6451,6659,6676,6601,6534,6289,6011,5813,5554,5544,5341,5043,4919,4748,4925,4693,4643,4630,4797,4969,5261,5527,4250,3947,4222,3682,3133,2666,2645,2558,2385,2183,1949,1729,1501,1305,5490,2022,Females
Derbyshire,"820,750",7594,7675,7790,7900,7902,8200,8548,8773,8804,8916,9268,9611,9488,9412,9077,9447,9006,9103,8470,6277,5869,6247,7159,7933,8749,8864,9267,9446,9508,9745,9783,10264,10543,10201,10118,9988,9844,9852,9842,9481,9675,9630,9881,9983,9534,8804,8868,9417,9942,10349,11133,12088,12683,12266,12838,12862,13216,13092,13016,12714,12501,11952,11565,10993,10908,10601,10054,9838,9250,9512,9281,8915,9064,9192,9282,9792,10465,7862,7471,7601,6583,5497,4691,4519,4311,3900,3390,2955,2593,2150,8103,2023,Persons
Derbyshire,"403,137",3899,3949,4030,4102,4102,4267,4436,4487,4619,4531,4734,4880,4828,4800,4634,4789,4588,4606,4357,3379,3135,3234,3616,3989,4384,4530,4612,4773,4720,4816,4842,4926,5191,5025,4929,4769,4755,4744,4637,4631,4707,4717,4826,4874,4609,4259,4299,4551,4957,5109,5414,6026,6262,5881,6294,6381,6546,6404,6391,6150,6211,5937,5772,5443,5391,5285,5038,4953,4529,4618,4630,4316,4474,4468,4398,4627,5044,3706,3624,3511,3032,2488,2143,2012,1896,1668,1382,1176,1010,825,2595,2023,Males
Derbyshire,"417,611",3697,3730,3758,3798,3799,3934,4113,4285,4185,4383,4536,4733,4662,4611,4442,4660,4417,4496,4112,2901,2735,3015,3544,3944,4366,4335,4656,4673,4786,4928,4941,5336,5351,5177,5190,5219,5089,5110,5206,4849,4967,4912,5055,5108,4926,4544,4569,4867,4982,5240,5717,6059,6423,6384,6541,6482,6671,6687,6626,6561,6290,6017,5794,5550,5519,5317,5017,4885,4721,4893,4651,4599,4590,4728,4885,5166,5422,4155,3847,4089,3550,3009,2547,2507,2417,2230,2007,1778,1583,1325,5509,2023,Females
Derbyshire,825256,7656,7706,7796,7910,8009,8020,8288,8675,8879,8902,9013,9326,9701,9558,9484,9132,9490,9039,8845,6366,6080,6355,6990,7648,8232,8950,8982,9371,9555,9556,9951,9986,10423,10681,10362,10257,10121,9946,9957,9935,9626,9778,9715,9986,10066,9658,8912,8955,9478,10027,10429,11201,12153,12736,12302,12874,12883,13235,13097,13036,12697,12516,11901,11553,10956,10851,10529,9975,9750,9163,9400,9167,8801,8915,9004,9101,9563,10179,7620,7211,7294,6250,5210,4408,4220,4001,3550,3058,2657,2276,8198,2024,Persons
Derbyshire,405300,3928,3962,4034,4108,4157,4165,4304,4501,4532,4680,4578,4764,4912,4858,4831,4656,4817,4616,4486,3435,3240,3315,3515,3850,4128,4482,4562,4656,4812,4715,4903,4924,5005,5252,5101,4984,4832,4797,4799,4688,4716,4754,4755,4879,4918,4673,4320,4346,4590,5009,5129,5455,6053,6275,5892,6301,6387,6555,6389,6382,6138,6224,5906,5761,5426,5356,5244,4993,4892,4471,4551,4555,4242,4393,4356,4304,4494,4875,3570,3479,3353,2838,2332,1990,1850,1739,1498,1225,1026,879,2664,2024,Male
Derbyshire,419956,3726,3743,3763,3803,3853,3857,3981,4173,4348,4221,4434,4564,4788,4699,4655,4476,4674,4423,4361,2932,2841,3040,3475,3797,4104,4470,4420,4713,4741,4843,5049,5062,5417,5429,5261,5273,5289,5147,5157,5248,4910,5024,4960,5109,5145,4982,4592,4608,4887,5018,5301,5746,6099,6461,6413,6573,6495,6680,6707,6653,6558,6292,5996,5793,5528,5494,5285,4981,4856,4691,4848,4611,4559,4522,4647,4796,5068,5307,4051,3731,3941,3412,2877,2418,2370,2260,2051,1834,1629,1400,5534,2024,Female
Derbyshire,829550,7695,7765,7824,7917,8019,8125,8107,8406,8779,8972,8997,9074,9412,9770,9636,9537,9176,9520,8798,6637,6171,6583,7108,7467,7953,8457,9059,9082,9483,9603,9752,10136,10139,10565,10837,10507,10382,10226,10041,10048,10081,9729,9864,9821,10067,10190,9767,9003,9018,9570,10108,10500,11272,12207,12773,12345,12894,12906,13236,13112,13017,12714,12457,11890,11510,10902,10778,10446,9890,9652,9058,9285,9049,8659,8733,8828,8891,9305,9870,7361,6928,6926,5923,4901,4116,3917,3641,3207,2750,2335,8382,2025,Persons
Derbyshire,407360,3950,3993,4048,4110,4160,4218,4201,4367,4544,4593,4726,4609,4797,4943,4891,4849,4684,4843,4500,3527,3293,3427,3597,3746,3992,4237,4517,4603,4700,4805,4797,4980,4995,5067,5326,5157,5041,4884,4845,4846,4780,4766,4792,4808,4922,4984,4737,4367,4384,4646,5027,5169,5486,6070,6279,5901,6310,6400,6534,6380,6367,6158,6188,5895,5740,5396,5317,5197,4934,4826,4409,4481,4478,4168,4287,4264,4185,4344,4693,3433,3324,3141,2661,2170,1834,1700,1563,1329,1071,894,2763,2025,Male
Derbyshire,422190,3745,3773,3775,3807,3857,3909,3903,4039,4236,4381,4271,4465,4616,4827,4744,4686,4494,4678,4298,3111,2879,3156,3509,3720,3961,4222,4543,4482,4783,4799,4953,5157,5144,5496,5512,5348,5342,5343,5192,5200,5301,4963,5071,5013,5145,5205,5030,4635,4633,4923,5079,5331,5785,6137,6493,6443,6585,6508,6702,6736,6652,6555,6268,5995,5770,5505,5461,5248,4957,4826,4650,4807,4572,4491,4448,4563,4706,4960,5175,3929,3604,3787,3261,2730,2282,2218,2079,1879,1678,1440,5618,2025,Female
Derbyshire,833769,7727,7804,7883,7943,8023,8133,8210,8222,8504,8873,9069,9058,9161,9481,9847,9686,9576,9213,9264,6634,6431,6686,7360,7590,7762,8181,8587,9153,9195,9538,9795,9921,10276,10278,10722,10978,10633,10481,10327,10123,10190,10187,9816,9966,9898,10194,10303,9863,9069,9110,9656,10179,10567,11331,12242,12806,12369,12920,12914,13247,13090,13034,12654,12441,11849,11451,10831,10691,10356,9795,9541,8953,9171,8904,8486,8567,8626,8654,9026,9536,7075,6583,6567,5569,4577,3822,3575,3290,2884,2422,8591,2026,Persons
Derbyshire,409378,3967,4012,4080,4124,4163,4221,4255,4263,4406,4602,4636,4755,4642,4828,4976,4909,4876,4715,4719,3554,3384,3483,3719,3832,3884,4098,4280,4559,4641,4697,4884,4867,5047,5055,5144,5384,5219,5087,4943,4886,4931,4835,4804,4843,4850,4985,5049,4787,4408,4441,4674,5067,5197,5507,6076,6281,5915,6326,6381,6522,6363,6381,6126,6174,5876,5706,5359,5269,5136,4869,4754,4341,4404,4400,4068,4198,4144,4047,4188,4516,3283,3115,2947,2476,1998,1682,1530,1386,1162,935,2858,2026,Male
Derbyshire,424392,3761,3791,3803,3820,3859,3912,3953,3959,4098,4271,4430,4303,4519,4652,4873,4779,4701,4498,4543,3080,3048,3204,3642,3758,3878,4083,4305,4596,4554,4839,4911,5053,5229,5221,5580,5595,5416,5394,5388,5238,5256,5352,5011,5123,5050,5206,5254,5073,4662,4670,4984,5110,5373,5824,6169,6526,6454,6593,6529,6727,6728,6654,6530,6265,5973,5744,5475,5424,5221,4927,4788,4611,4765,4506,4417,4370,4480,4607,4839,5021,3791,3467,3621,3092,2578,2138,2046,1901,1721,1488,5733,2026,Female
Derbyshire,837802,7754,7835,7922,8002,8045,8136,8217,8326,8319,8594,8967,9126,9142,9231,9556,9899,9729,9608,8971,6971,6450,6965,7481,7858,7894,7987,8315,8699,9259,9253,9734,9963,10049,10400,10432,10864,11103,10737,10575,10416,10261,10289,10272,9920,10044,10023,10305,10402,9928,9167,9198,9730,10248,10630,11373,12280,12827,12399,12930,12930,13224,13103,12971,12639,12388,11789,11374,10750,10601,10257,9689,9429,8846,9025,8727,8325,8375,8394,8399,8724,9166,6727,6244,6181,5203,4251,3483,3233,2958,2541,8842,2027,Persons
Derbyshire,411305,3978,4029,4098,4157,4176,4225,4259,4318,4303,4464,4646,4667,4785,4674,4861,4995,4936,4906,4596,3727,3422,3584,3782,3961,3972,3991,4143,4334,4598,4636,4783,4953,4931,5102,5127,5203,5443,5266,5137,4988,4966,4983,4877,4855,4882,4912,5049,5101,4827,4464,4468,4717,5097,5219,5517,6080,6289,5936,6310,6372,6503,6377,6346,6119,6154,5843,5663,5313,5208,5069,4801,4680,4273,4330,4295,3985,4080,4008,3905,4032,4320,3080,2923,2749,2282,1837,1514,1359,1213,1014,2967,2027,Male
Derbyshire,426496,3775,3807,3823,3849,3869,3914,3958,4009,4015,4132,4321,4459,4357,4559,4698,4905,4792,4705,4375,3243,3028,3379,3700,3897,3921,3997,4171,4366,4660,4615,4952,5011,5118,5298,5306,5661,5657,5468,5437,5428,5295,5307,5394,5066,5162,5110,5258,5302,5101,4702,4731,5013,5152,5412,5855,6200,6539,6464,6618,6557,6721,6727,6626,6522,6237,5946,5713,5438,5394,5187,4889,4749,4571,4696,4433,4341,4292,4387,4496,4693,4848,3647,3321,3431,2922,2412,1970,1873,1744,1526,5875,2027,Female
Derbyshire,841788,7775,7861,7953,8039,8104,8160,8218,8331,8421,8408,8682,9026,9212,9211,9309,9609,9941,9759,9348,6765,6770,7009,7791,7988,8168,8121,8117,8430,8817,9309,9445,9906,10094,10164,10541,10569,10988,11200,10832,10658,10560,10358,10373,10378,9999,10165,10132,10403,10471,10029,9259,9274,9805,10309,10673,11415,12304,12854,12412,12948,12911,13234,13040,12954,12591,12323,11712,11285,10665,10501,10146,9577,9312,8708,8849,8565,8141,8152,8148,8123,8391,8722,6387,5879,5776,4833,3876,3152,2913,2607,9155,2028,Persons
Derbyshire,413196,3990,4044,4114,4173,4206,4236,4260,4320,4354,4359,4505,4674,4699,4814,4708,4879,5023,4966,4780,3638,3583,3630,3898,4025,4102,4082,4037,4194,4382,4597,4718,4854,5015,4982,5168,5183,5263,5492,5322,5181,5077,5011,5022,4935,4896,4942,4972,5097,5141,4888,4494,4513,4751,5117,5230,5527,6088,6302,5926,6302,6355,6515,6341,6333,6101,6117,5800,5614,5255,5141,4998,4729,4603,4202,4227,4206,3878,3945,3867,3760,3859,4055,2894,2726,2535,2100,1654,1347,1190,1060,3121,2028,Male
Derbyshire,428592,3784,3818,3836,3866,3898,3925,3958,4011,4065,4049,4179,4351,4512,4397,4604,4729,4920,4792,4567,3126,3186,3379,3893,3964,4065,4041,4082,4236,4436,4714,4726,5053,5080,5182,5373,5387,5724,5709,5513,5475,5485,5347,5350,5442,5103,5224,5159,5305,5329,5143,4763,4763,5054,5190,5444,5887,6216,6552,6486,6644,6557,6719,6700,6620,6491,6208,5912,5675,5410,5358,5146,4849,4711,4507,4619,4358,4264,4206,4283,4363,4531,4666,3493,3156,3242,2736,2224,1804,1719,1545,6032,2028,Female
Derbyshire,845633,7797,7881,7977,8067,8139,8217,8238,8331,8425,8508,8495,8737,9109,9278,9286,9362,9651,9974,9496,7037,6590,7341,7868,8318,8304,8401,8255,8232,8552,8882,9498,9616,10038,10207,10300,10671,10691,11086,11295,10919,10797,10660,10437,10476,10455,10122,10276,10230,10472,10575,10126,9341,9349,9871,10353,10718,11445,12331,12864,12435,12932,12926,13169,13020,12902,12525,12238,11622,11194,10568,10388,10029,9465,9169,8542,8684,8377,7933,7916,7882,7818,7990,8282,6018,5499,5369,4412,3508,2836,2567,9465,2029,Persons
Derbyshire,415026,4000,4052,4127,4190,4223,4265,4271,4321,4358,4409,4398,4531,4703,4730,4846,4726,4908,5052,4841,3780,3504,3796,3958,4157,4169,4214,4125,4088,4243,4385,4677,4786,4919,5063,5048,5221,5238,5314,5548,5367,5266,5125,5046,5075,4977,4958,5001,5022,5137,5202,4917,4540,4546,4777,5127,5240,5543,6101,6287,5923,6289,6370,6479,6329,6313,6065,6067,5750,5550,5190,5071,4924,4652,4523,4106,4143,4094,3754,3808,3725,3603,3629,3813,2701,2513,2331,1892,1471,1180,1041,3283,2029,Male
Derbyshire,430607,3796,3828,3849,3879,3914,3951,3968,4011,4068,4097,4095,4206,4405,4548,4441,4636,4745,4919,4657,3257,3083,3547,3909,4162,4134,4187,4129,4143,4310,4496,4821,4831,5120,5144,5254,5449,5452,5773,5748,5552,5531,5533,5391,5402,5475,5163,5273,5209,5334,5374,5209,4800,4804,5092,5226,5478,5902,6228,6578,6510,6642,6556,6691,6692,6589,6460,6170,5873,5643,5379,5316,5106,4811,4645,4434,4540,4285,4179,4108,4157,4214,4361,4468,3317,2987,3037,2519,2037,1657,1526,6183,2029,Female
Derbyshire,849357,7824,7904,7996,8095,8169,8251,8296,8352,8424,8511,8594,8547,8818,9174,9357,9339,9406,9683,9705,7161,6835,7175,8224,8416,8647,8543,8540,8372,8352,8618,9078,9662,9747,10154,10342,10420,10781,10784,11178,11376,11062,10892,10745,10536,10553,10579,10232,10370,10299,10573,10672,10208,9420,9420,9920,10399,10749,11480,12343,12885,12422,12947,12867,13146,12966,12834,12442,12143,11528,11091,10457,10267,9912,9321,8993,8388,8497,8162,7708,7660,7587,7446,7593,7806,5633,5117,4901,3994,3160,2502,9689,2030,Persons
Derbyshire,416787,4015,4065,4138,4202,4239,4281,4300,4331,4358,4411,4451,4427,4557,4733,4761,4864,4753,4937,4925,3827,3634,3724,4129,4225,4310,4282,4262,4178,4138,4249,4472,4747,4848,4971,5125,5094,5274,5285,5368,5592,5456,5312,5165,5092,5115,5044,5019,5050,5060,5196,5230,4965,4575,4574,4793,5138,5256,5564,6089,6279,5915,6306,6335,6464,6307,6277,6020,6015,5684,5479,5120,4996,4847,4574,4419,4028,4033,3963,3627,3668,3569,3389,3414,3560,2496,2316,2106,1683,1292,1033,3395,2030,Male
Derbyshire,432569,3808,3841,3859,3893,3929,3968,3995,4020,4066,4099,4143,4122,4259,4443,4596,4475,4652,4745,4778,3334,3201,3451,4095,4192,4335,4262,4279,4191,4213,4371,4607,4918,4899,5185,5215,5326,5507,5499,5812,5784,5607,5580,5576,5443,5437,5535,5213,5321,5237,5377,5440,5245,4845,4846,5125,5260,5495,5916,6254,6606,6509,6641,6531,6682,6659,6557,6421,6128,5843,5612,5337,5273,5064,4745,4572,4361,4464,4198,4081,3990,4019,4058,4180,4246,3138,2801,2795,2310,1869,1469,6294,2030,Female
Derbyshire,852973,7858,7933,8019,8113,8193,8280,8330,8408,8444,8509,8594,8647,8625,8882,9250,9407,9382,9442,9421,7313,6960,7416,8067,8784,8759,8896,8684,8657,8492,8417,8815,9251,9792,9862,10293,10460,10526,10868,10875,11261,11520,11161,10972,10848,10608,10676,10691,10328,10440,10398,10671,10756,10291,9491,9469,9972,10432,10787,11498,12364,12869,12444,12888,12849,13088,12895,12750,12345,12041,11425,10974,10343,10149,9762,9143,8832,8213,8283,7933,7461,7379,7231,7082,7166,7313,5246,4679,4438,3598,2790,9807,2031,Persons
Derbyshire,418505,4033,4078,4150,4212,4252,4296,4317,4360,4368,4410,4452,4477,4454,4588,4764,4780,4888,4785,4813,3900,3683,3849,4060,4402,4384,4432,4329,4316,4228,4144,4334,4544,4812,4896,5038,5172,5144,5317,5337,5413,5682,5504,5348,5221,5130,5182,5110,5067,5088,5119,5223,5279,5001,4603,4591,4813,5153,5275,5556,6084,6264,5935,6274,6324,6441,6269,6229,5970,5945,5616,5405,5045,4917,4766,4471,4333,3924,3908,3830,3498,3518,3359,3192,3194,3293,2302,2093,1878,1480,1131,3474,2031,Male
Derbyshire,434467,3826,3853,3871,3901,3941,3982,4013,4048,4077,4097,4144,4170,4173,4296,4488,4627,4493,4657,4610,3414,3277,3565,4006,4384,4375,4464,4353,4342,4265,4272,4483,4706,4981,4965,5256,5288,5382,5552,5539,5850,5838,5658,5622,5628,5481,5496,5580,5261,5351,5279,5450,5479,5290,4888,4880,5158,5279,5512,5940,6281,6603,6508,6614,6526,6650,6626,6519,6374,6096,5812,5569,5295,5231,4996,4672,4497,4287,4375,4105,3963,3859,3874,3891,3974,4021,2943,2586,2564,2121,1658,6336,2031,Female
Derbyshire,856603,7903,7966,8048,8136,8212,8304,8358,8440,8499,8527,8593,8647,8723,8688,8954,9302,9450,9413,9192,7102,7105,7552,8307,8638,9132,9020,9041,8805,8782,8559,8611,8988,9384,9903,9998,10415,10566,10607,10953,10956,11403,11615,11243,11070,10923,10727,10787,10788,10396,10539,10497,10756,10842,10365,9546,9526,10010,10470,10807,11526,12352,12887,12391,12872,12796,13018,12807,12650,12245,11933,11308,10852,10224,9998,9579,8984,8643,8008,8052,7681,7189,7034,6880,6689,6719,6815,4799,4239,4004,3180,10145,2032,Persons
Derbyshire,420227,4056,4097,4163,4225,4261,4308,4332,4377,4396,4421,4450,4478,4503,4481,4616,4781,4809,4916,4665,3811,3752,3905,4184,4337,4563,4508,4485,4384,4367,4235,4229,4406,4611,4861,4963,5086,5223,5184,5367,5378,5500,5729,5541,5400,5261,5190,5243,5163,5105,5144,5145,5268,5315,5030,4623,4610,4833,5175,5268,5556,6071,6281,5906,6265,6302,6400,6224,6177,5907,5872,5541,5326,4970,4839,4662,4388,4221,3805,3775,3694,3357,3312,3164,2989,2957,3039,2082,1864,1650,1297,3617,2032,Male
Derbyshire,436376,3848,3871,3883,3913,3950,3994,4027,4064,4105,4106,4142,4170,4219,4207,4338,4522,4642,4497,4526,3291,3355,3648,4123,4300,4569,4511,4557,4420,4415,4325,4381,4582,4773,5043,5035,5328,5342,5424,5588,5577,5903,5889,5701,5671,5663,5538,5542,5625,5291,5394,5350,5487,5528,5336,4923,4917,5177,5296,5539,5970,6282,6605,6482,6609,6496,6620,6584,6473,6340,6060,5767,5527,5256,5161,4917,4597,4423,4203,4275,3988,3833,3720,3717,3700,3761,3775,2716,2376,2353,1884,6529,2032,Female
Derbyshire,860251,7954,8013,8083,8165,8235,8323,8381,8471,8531,8583,8610,8643,8721,8783,8758,9002,9344,9483,9165,6938,6906,7711,8465,8879,8992,9398,9176,9164,8932,8851,8756,8781,9122,9502,10037,10118,10520,10649,10687,11028,11098,11499,11696,11346,11142,11049,10834,10883,10856,10496,10634,10581,10841,10919,10420,9604,9570,10053,10494,10837,11520,12372,12832,12379,12823,12731,12927,12707,12546,12137,11806,11185,10730,10077,9812,9413,8799,8430,7790,7800,7404,6861,6694,6500,6276,6266,6240,4353,3828,3538,10755,2033,Persons
Derbyshire,421957,4083,4121,4181,4239,4274,4319,4345,4391,4412,4449,4459,4476,4502,4531,4509,4633,4806,4838,4789,3695,3666,3979,4249,4462,4503,4691,4566,4543,4434,4374,4320,4302,4473,4664,4926,5009,5139,5262,5231,5407,5466,5548,5766,5597,5437,5326,5250,5293,5206,5162,5171,5193,5304,5343,5048,4642,4632,4858,5169,5271,5549,6090,6250,5902,6245,6266,6351,6171,6109,5835,5792,5462,5246,4890,4732,4573,4276,4091,3680,3645,3544,3163,3123,2964,2770,2735,2754,1859,1642,1450,3868,2033,Male
Derbyshire,438295,3871,3890,3902,3926,3962,4003,4036,4078,4119,4132,4151,4166,4219,4255,4248,4370,4537,4644,4375,3243,3239,3732,4216,4417,4490,4706,4610,4624,4497,4478,4436,4477,4649,4836,5112,5109,5383,5386,5454,5619,5630,5950,5930,5750,5705,5722,5586,5588,5651,5334,5464,5389,5535,5575,5373,4961,4937,5196,5324,5567,5973,6284,6581,6476,6577,6465,6578,6537,6437,6300,6013,5723,5484,5186,5079,4839,4522,4339,4111,4157,3859,3697,3571,3536,3507,3531,3490,2493,2186,2091,6888,2033,Female
Derbyshire,863858,8008,8063,8128,8202,8264,8347,8401,8494,8561,8614,8666,8659,8718,8783,8856,8807,9042,9376,9231,6913,6749,7500,8645,9047,9230,9266,9556,9308,9297,8999,9053,8929,8912,9240,9638,10154,10222,10604,10726,10756,11162,11189,11578,11798,11419,11264,11159,10926,10949,10957,10593,10718,10664,10917,10975,10480,9651,9616,10078,10525,10837,11547,12324,12818,12337,12759,12646,12828,12607,12437,12010,11677,11062,10575,9893,9644,9219,8585,8200,7551,7523,7067,6534,6328,6101,5859,5746,5670,3936,3387,11567,2034,Persons
Derbyshire,423632,4109,4146,4206,4259,4288,4332,4354,4404,4426,4467,4488,4483,4502,4532,4559,4525,4658,4834,4717,3785,3559,3891,4329,4531,4625,4633,4746,4626,4598,4441,4461,4393,4368,4527,4733,4973,5059,5180,5307,5270,5493,5512,5587,5821,5634,5502,5391,5295,5334,5268,5188,5216,5227,5332,5361,5067,4666,4658,4857,5171,5264,5571,6059,6240,5890,6213,6217,6296,6103,6035,5759,5709,5379,5163,4786,4644,4460,4146,3956,3555,3501,3342,2984,2926,2747,2564,2479,2460,1641,1441,4200,2034,Male
Derbyshire,440226,3898,3917,3920,3943,3975,4015,4046,4089,4134,4149,4177,4175,4215,4251,4297,4282,4385,4540,4516,3129,3191,3610,4315,4516,4605,4631,4807,4682,4700,4560,4591,4534,4544,4714,4907,5182,5165,5423,5418,5486,5671,5678,5992,5977,5785,5764,5769,5630,5615,5691,5404,5502,5438,5584,5612,5412,4987,4959,5222,5354,5573,5975,6262,6578,6445,6548,6426,6531,6502,6401,6253,5966,5679,5411,5108,5002,4760,4439,4244,3997,4022,3725,3549,3403,3355,3295,3266,3209,2294,1947,7366,2034,Female
Derbyshire,867410,8070,8120,8180,8248,8300,8375,8424,8512,8583,8642,8697,8714,8733,8777,8854,8902,8846,9073,9124,6953,6730,7343,8413,9240,9408,9500,9431,9687,9447,9371,9205,9229,9062,9027,9377,9760,10258,10306,10684,10797,10886,11252,11266,11680,11870,11542,11373,11255,10990,11049,11055,10678,10803,10741,10972,11035,10527,9702,9647,10117,10528,10866,11504,12313,12770,12277,12678,12550,12724,12494,12308,11881,11544,10903,10383,9728,9449,8999,8357,7950,7288,7185,6733,6183,5944,5699,5378,5224,5130,3487,12119,2035,Persons
Derbyshire,425304,4142,4175,4232,4282,4309,4348,4367,4414,4439,4479,4505,4512,4510,4528,4559,4575,4551,4682,4711,3734,3636,3782,4236,4621,4698,4752,4693,4808,4683,4608,4530,4537,4460,4420,4593,4782,5023,5098,5228,5347,5352,5536,5548,5640,5859,5700,5564,5442,5331,5394,5296,5234,5251,5255,5347,5381,5090,4693,4660,4866,5165,5286,5548,6054,6223,5861,6169,6165,6229,6032,5955,5678,5622,5295,5052,4699,4529,4325,4011,3821,3416,3303,3153,2800,2715,2543,2328,2219,2176,1444,4463,2035,Male
Derbyshire,442106,3929,3944,3949,3965,3992,4029,4058,4099,4144,4162,4194,4202,4222,4249,4295,4328,4294,4388,4414,3217,3092,3561,4177,4618,4709,4748,4736,4880,4762,4764,4676,4690,4603,4608,4784,4977,5233,5206,5457,5449,5535,5714,5719,6037,6010,5843,5811,5813,5661,5656,5757,5444,5552,5487,5626,5655,5436,5009,4987,5252,5363,5581,5956,6260,6548,6416,6508,6383,6496,6463,6352,6203,5922,5607,5330,5029,4919,4673,4344,4128,3872,3883,3583,3383,3231,3157,3051,3004,2955,2042,7655,2035,Female
Derbyshire,870970,8142,8182,8237,8301,8346,8412,8456,8536,8603,8665,8723,8745,8787,8793,8848,8899,8942,8874,8830,6881,6765,7318,8247,8996,9607,9683,9662,9566,9824,9524,9583,9382,9365,9179,9162,9497,9866,10339,10384,10754,10927,10974,11324,11366,11749,11996,11652,11465,11322,11088,11145,11138,10763,10878,10799,11033,11083,10577,9735,9688,10124,10559,10831,11501,12270,12707,12203,12583,12448,12612,12366,12174,11751,11380,10706,10210,9535,9225,8762,8105,7673,6966,6851,6373,5811,5556,5234,4894,4732,4553,12663,2036,Persons
Derbyshire,426986,4177,4209,4262,4310,4331,4368,4381,4426,4450,4490,4520,4528,4538,4535,4556,4573,4599,4576,4564,3727,3595,3853,4125,4519,4792,4831,4813,4755,4865,4694,4702,4607,4604,4512,4486,4641,4834,5063,5143,5268,5429,5395,5572,5599,5680,5926,5764,5610,5482,5386,5420,5346,5268,5276,5271,5365,5402,5120,4696,4668,4865,5188,5266,5547,6034,6189,5822,6120,6101,6152,5952,5870,5596,5535,5183,4958,4586,4394,4189,3878,3673,3225,3118,2959,2601,2513,2310,2086,1963,1916,4684,2036,Male
Derbyshire,443987,3963,3976,3974,3990,4015,4046,4072,4109,4153,4174,4206,4219,4250,4257,4290,4325,4341,4298,4264,3155,3171,3463,4122,4477,4814,4852,4849,4812,4961,4830,4882,4777,4761,4665,4673,4855,5032,5276,5240,5486,5498,5579,5753,5765,6069,6069,5890,5853,5840,5699,5725,5794,5492,5602,5529,5667,5680,5458,5040,5019,5258,5371,5565,5955,6231,6519,6378,6463,6350,6459,6413,6303,6154,5844,5523,5252,4950,4831,4572,4227,4001,3739,3732,3416,3213,3041,2925,2808,2767,2636,7979,2036,Female
Derbyshire,874595,8222,8255,8303,8360,8400,8458,8493,8566,8625,8684,8747,8772,8817,8845,8862,8891,8937,8970,8637,6661,6691,7357,8217,8824,9360,9887,9848,9795,9712,9904,9743,9770,9523,9485,9318,9281,9606,9951,10416,10456,10886,11012,11043,11421,11436,11872,12105,11747,11529,11425,11181,11229,11222,10838,10936,10859,11081,11133,10610,9779,9700,10159,10527,10831,11467,12212,12626,12117,12486,12341,12478,12232,12041,11585,11176,10533,10009,9314,8985,8502,7828,7336,6648,6488,5997,5439,5107,4767,4439,4204,14041,2037,Persons
Derbyshire,428692,4222,4244,4296,4341,4360,4392,4402,4441,4461,4503,4531,4542,4554,4563,4563,4570,4598,4625,4457,3612,3582,3815,4191,4408,4688,4930,4891,4872,4815,4875,4790,4783,4674,4660,4581,4537,4694,4876,5108,5183,5350,5471,5428,5623,5637,5744,5991,5815,5647,5543,5411,5467,5382,5296,5294,5290,5387,5431,5122,4706,4671,4893,5168,5265,5537,6004,6144,5780,6056,6026,6071,5870,5785,5510,5417,5090,4839,4452,4257,4051,3729,3469,3049,2928,2751,2413,2286,2071,1848,1734,5262,2037,Male
Derbyshire,445906,4002,4009,4005,4019,4041,4069,4090,4124,4165,4183,4216,4229,4264,4283,4299,4320,4339,4345,4178,3046,3109,3542,4028,4418,4670,4959,4956,4922,4894,5029,4952,4989,4848,4826,4734,4744,4910,5074,5308,5275,5537,5542,5615,5797,5798,6129,6114,5933,5880,5881,5770,5760,5839,5542,5642,5570,5692,5703,5489,5074,5028,5268,5358,5566,5929,6207,6483,6337,6429,6314,6408,6363,6254,6073,5758,5441,5168,4863,4727,4450,4099,3866,3595,3561,3246,3027,2821,2694,2590,2471,8780,2037,Female
Derbyshire,878266,8307,8338,8375,8422,8460,8514,8538,8602,8656,8708,8764,8794,8844,8877,8914,8904,8928,8962,8727,6507,6478,7269,8264,8795,9184,9637,10056,9985,9937,9795,10127,9935,9916,9646,9625,9437,9386,9690,10031,10486,10586,10973,11084,11133,11487,11554,11981,12200,11814,11626,11521,11262,11310,11297,10893,10996,10907,11128,11170,10654,9794,9738,10134,10530,10803,11418,12135,12537,12026,12380,12216,12344,12098,11871,11378,10993,10327,9776,9076,8721,8213,7490,7002,6301,6112,5615,5005,4656,4326,3947,14901,2038,Persons
Derbyshire,430423,4264,4287,4334,4374,4389,4419,4425,4459,4478,4515,4540,4554,4566,4579,4590,4578,4593,4623,4505,3525,3471,3795,4157,4468,4574,4820,4990,4955,4931,4826,4975,4875,4855,4730,4727,4630,4588,4734,4924,5148,5265,5394,5503,5477,5659,5703,5809,6041,5854,5707,5570,5455,5505,5414,5313,5311,5311,5414,5432,5129,4709,4698,4880,5168,5257,5513,5965,6096,5723,5987,5951,5985,5784,5699,5398,5322,4970,4699,4315,4118,3897,3526,3279,2868,2725,2557,2196,2053,1837,1634,5584,2038,Male
Derbyshire,447845,4045,4051,4042,4050,4069,4095,4113,4143,4181,4195,4226,4240,4278,4297,4323,4328,4335,4341,4221,2983,3006,3473,4105,4329,4610,4815,5066,5031,5006,4968,5154,5062,5061,4916,4898,4806,4795,4955,5106,5336,5324,5580,5579,5657,5829,5854,6173,6157,5959,5918,5952,5808,5808,5883,5583,5684,5596,5715,5738,5524,5084,5040,5253,5361,5545,5906,6173,6440,6304,6395,6268,6360,6314,6173,5981,5673,5357,5077,4760,4603,4316,3964,3722,3434,3386,3061,2810,2605,2488,2312,9317,2038,Female
Derbyshire,881905,8390,8423,8458,8497,8524,8574,8594,8651,8695,8739,8791,8814,8866,8903,8944,8957,8942,8955,8722,6575,6325,7040,8151,8846,9156,9458,9801,10195,10129,10017,10021,10322,10085,10044,9787,9748,9544,9468,9768,10102,10614,10672,11045,11176,11199,11607,11663,12077,12263,11913,11720,11605,11342,11387,11353,10957,11042,10958,11164,11214,10666,9839,9719,10142,10503,10760,11353,12049,12443,11930,12258,12088,12210,11927,11661,11195,10779,10093,9529,8813,8429,7863,7153,6641,5936,5726,5174,4568,4229,3852,15391,2039,Persons
Derbyshire,432149,4306,4332,4376,4414,4424,4450,4454,4486,4496,4531,4553,4565,4579,4592,4605,4604,4601,4618,4502,3560,3385,3679,4128,4441,4631,4708,4882,5055,5013,4942,4928,5057,4951,4915,4801,4778,4683,4630,4782,4965,5231,5305,5426,5554,5511,5723,5765,5860,6082,5916,5733,5619,5487,5532,5433,5331,5332,5337,5414,5440,5133,4739,4687,4883,5161,5235,5478,5919,6034,5659,5912,5869,5897,5696,5580,5302,5195,4828,4555,4178,3963,3687,3337,3083,2672,2533,2327,1975,1822,1626,5762,2039,Male
Derbyshire,449755,4084,4093,4081,4086,4100,4122,4139,4166,4199,4208,4236,4248,4288,4311,4338,4353,4341,4337,4219,3012,2941,3361,4025,4406,4523,4752,4918,5142,5113,5076,5094,5264,5134,5130,4988,4968,4861,4838,4987,5138,5384,5366,5617,5622,5687,5884,5900,6215,6183,6000,5988,5987,5854,5854,5922,5626,5711,5619,5748,5775,5536,5099,5031,5259,5343,5526,5873,6132,6408,6269,6346,6221,6310,6231,6081,5893,5583,5266,4973,4636,4464,4176,3816,3556,3265,3194,2844,2594,2408,2226,9628,2039,Female
Derbyshire,885507,8463,8508,8545,8581,8600,8638,8654,8707,8743,8777,8821,8837,8885,8925,8969,8986,8994,8966,8711,6565,6387,6873,7903,8721,9207,9431,9625,9942,10342,10209,10242,10221,10473,10216,10191,9914,9856,9629,9547,9840,10230,10698,10741,11137,11238,11313,11708,11757,12140,12364,12008,11801,11691,11414,11440,11415,11005,11093,10994,11207,11226,10710,9819,9731,10121,10464,10701,11279,11962,12340,11816,12132,11960,12039,11718,11474,10981,10535,9840,9257,8525,8071,7513,6791,6258,5570,5280,4726,4157,3774,15699,2040,Persons
Derbyshire,433868,4344,4375,4422,4455,4463,4484,4485,4514,4521,4549,4569,4578,4588,4604,4618,4620,4628,4623,4499,3557,3419,3589,4003,4402,4609,4759,4768,4945,5116,5025,5040,5015,5135,5010,4987,4852,4833,4726,4677,4822,5047,5271,5338,5477,5586,5573,5784,5814,5900,6141,5940,5777,5656,5514,5546,5453,5353,5358,5339,5420,5441,5162,4730,4694,4881,5138,5203,5440,5861,5965,5592,5832,5786,5810,5580,5482,5179,5049,4682,4411,4025,3751,3490,3142,2874,2486,2310,2095,1757,1614,5892,2040,Male
Derbyshire,451639,4121,4133,4122,4128,4136,4156,4169,4192,4221,4228,4253,4261,4296,4321,4349,4367,4367,4343,4215,3010,2968,3285,3901,4320,4598,4671,4855,4996,5225,5187,5201,5205,5340,5207,5203,5062,5025,4903,4870,5017,5183,5426,5404,5658,5651,5741,5926,5941,6241,6222,6068,6022,6035,5902,5894,5962,5652,5734,5655,5786,5786,5546,5091,5036,5241,5325,5498,5836,6103,6373,6223,6298,6174,6230,6140,5992,5802,5487,5158,4845,4501,4319,4022,3648,3386,3084,2971,2630,2400,2158,9809,2040,Female
Derbyshire,889081,8526,8584,8632,8670,8683,8716,8720,8768,8800,8826,8858,8869,8911,8944,8992,9012,9024,9018,8723,6558,6376,6933,7711,8458,9073,9484,9595,9766,10085,10427,10440,10441,10375,10608,10368,10321,10023,9945,9708,9620,9968,10318,10767,10833,11202,11353,11413,11797,11817,12238,12458,12090,11882,11765,11468,11502,11461,11054,11126,11038,11219,11269,10688,9834,9716,10090,10407,10634,11200,11866,12219,11698,12004,11794,11827,11531,11257,10738,10273,9561,8953,8169,7716,7136,6408,5876,5143,4829,4303,3712,15869,2041,Persons
Derbyshire,435582,4376,4413,4467,4502,4508,4522,4520,4546,4551,4575,4588,4593,4601,4613,4630,4635,4643,4651,4504,3554,3415,3620,3900,4269,4565,4742,4817,4833,5006,5128,5125,5127,5090,5193,5084,5042,4907,4876,4775,4716,4904,5091,5305,5388,5513,5648,5633,5831,5852,5961,6168,5987,5814,5683,5527,5565,5479,5380,5360,5346,5423,5473,5149,4735,4694,4865,5109,5168,5390,5795,5892,5520,5752,5699,5690,5483,5356,5037,4896,4536,4250,3813,3555,3290,2931,2678,2271,2082,1865,1559,5978,2041,Male
Derbyshire,453499,4152,4168,4165,4169,4179,4191,4201,4222,4249,4249,4270,4275,4308,4329,4360,4380,4380,4366,4220,3005,2962,3313,3810,4187,4509,4743,4778,4930,5080,5299,5314,5315,5284,5412,5282,5277,5117,5067,4935,4902,5066,5227,5462,5447,5688,5705,5780,5967,5966,6278,6290,6103,6068,6082,5941,5933,5982,5676,5770,5692,5797,5798,5537,5096,5023,5224,5300,5466,5809,6071,6328,6177,6251,6097,6138,6050,5901,5702,5376,5027,4705,4356,4161,3845,3477,3199,2872,2747,2437,2153,9891,2041,Female
Derbyshire,892627,8577,8647,8707,8757,8774,8803,8796,8835,8862,8882,8909,8907,8939,8968,9009,9035,9048,9047,8769,6564,6366,6919,7769,8250,8805,9344,9651,9734,9910,10167,10661,10644,10594,10508,10762,10503,10437,10112,10025,9782,9745,10054,10387,10858,10900,11318,11454,11499,11859,11917,12332,12539,12173,11952,11820,11525,11545,11509,11090,11172,11052,11263,11243,10699,9821,9687,10039,10346,10564,11114,11753,12098,11579,11842,11593,11642,11316,11009,10476,9983,9251,8583,7815,7334,6738,6022,5430,4709,4404,3848,15947,2042,Persons
Derbyshire,437288,4401,4445,4505,4547,4552,4568,4560,4582,4583,4604,4614,4611,4618,4626,4639,4645,4657,4667,4528,3558,3409,3614,3934,4159,4431,4691,4803,4879,4896,5018,5230,5213,5202,5153,5270,5142,5101,4950,4925,4815,4798,4946,5123,5354,5421,5574,5707,5679,5870,5910,5985,6215,6023,5839,5701,5543,5588,5507,5379,5366,5348,5452,5457,5157,4736,4679,4841,5075,5122,5333,5725,5816,5447,5668,5586,5593,5359,5209,4887,4745,4373,4028,3615,3351,3072,2731,2448,2050,1858,1658,5999,2042,Male
Derbyshire,455340,4176,4199,4203,4211,4220,4232,4237,4254,4277,4277,4295,4292,4323,4342,4369,4390,4391,4381,4242,3006,2956,3305,3836,4090,4375,4652,4849,4855,5014,5153,5429,5430,5391,5358,5491,5361,5337,5162,5100,4967,4947,5107,5264,5505,5478,5743,5746,5820,5989,6003,6347,6325,6149,6115,6121,5984,5957,6002,5710,5807,5706,5810,5788,5543,5085,5007,5198,5269,5442,5782,6029,6283,6132,6175,6007,6048,5957,5801,5588,5240,4880,4556,4201,3982,3667,3290,2982,2660,2548,2192,9950,2042,Female
Derbyshire,896116,8612,8696,8772,8833,8861,8892,8884,8914,8928,8943,8966,8956,8979,8998,9034,9053,9070,9070,8798,6599,6369,6904,7751,8309,8587,9069,9504,9791,9879,9993,10400,10867,10799,10730,10665,10898,10620,10529,10195,10100,9907,9828,10123,10478,10923,11013,11417,11541,11558,11955,12006,12413,12621,12246,12004,11882,11569,11594,11546,11135,11185,11096,11239,11256,10684,9793,9644,9982,10277,10488,11014,11638,11975,11426,11640,11413,11423,11070,10742,10185,9664,8876,8216,7432,6929,6338,5570,4975,4301,3943,16126,2043,Persons
Derbyshire,438977,4419,4474,4539,4587,4599,4616,4603,4622,4620,4637,4644,4638,4637,4642,4654,4653,4669,4680,4543,3575,3412,3607,3926,4192,4316,4554,4750,4867,4937,4908,5118,5321,5291,5265,5229,5329,5201,5147,4998,4966,4896,4840,4980,5174,5389,5480,5636,5754,5716,5929,5936,6033,6251,6049,5853,5720,5563,5616,5510,5387,5367,5379,5440,5462,5155,4722,4660,4812,5029,5069,5272,5652,5736,5370,5556,5493,5466,5213,5056,4740,4574,4148,3820,3410,3130,2867,2501,2210,1833,1651,6096,2043,Male
Derbyshire,457142,4194,4225,4233,4246,4262,4276,4279,4292,4311,4307,4322,4318,4343,4358,4382,4399,4402,4392,4255,3023,2957,3297,3827,4116,4271,4513,4756,4924,4942,5084,5281,5547,5507,5466,5435,5571,5419,5383,5196,5133,5015,4989,5142,5306,5532,5530,5784,5786,5843,6028,6071,6380,6372,6195,6152,6163,6007,5979,6035,5748,5818,5718,5800,5794,5527,5072,4986,5170,5246,5417,5742,5987,6240,6055,6083,5922,5957,5856,5686,5446,5089,4729,4395,4022,3799,3471,3067,2765,2469,2290,10028,2043,Female
